{
    "one":[{
        "img":"tandoor.jpg",
        "header":"Lorem Lipsum",
        "line1":"line.png",
        "Desc":"Lorem Ipsum is simply dummy text of the printing and typesetting industry. Lorem Ipsum has been the industrys standard dummy text ever since the 1500s, when an unknown printer took a galley of type and scrambled it to make a type specimen book. It has survived not only five centuries, but also the leap into electronic typesetting, remaining essentially unchanged.",
        "Btn":"Read More"
    },
    {
        "img":"idle.jpg",
        "header":"Lorem Lipsum",
        "line1":"line.png",
        "Desc":"Lorem Ipsum is simply dummy text of the printing and typesetting industry. Lorem Ipsum has been the industrys standard dummy text ever since the 1500s, when an unknown printer took a galley of type and scrambled it to make a type specimen book. It has survived not only five centuries, but also the leap into electronic typesetting, remaining essentially unchanged.",
        "Btn":"Read More"
    },
    {
        "img":"pohe.jpg",
        "header":"Lorem Lipsum",
        "line1":"line.png",
        "Desc":"Lorem Ipsum is simply dummy text of the printing and typesetting industry. Lorem Ipsum has been the industrys standard dummy text ever since the 1500s, when an unknown printer took a galley of type and scrambled it to make a type specimen book. It has survived not only five centuries, but also the leap into electronic typesetting, remaining essentially unchanged.",
        "Btn":"Read More"
    },
     {
        "img":"fish.jpg",
        "header":"Lorem Lipsum",
        "line1":"line.png",
        "Desc":"Lorem Ipsum is simply dummy text of the printing and typesetting industry. Lorem Ipsum has been the industrys standard dummy text ever since the 1500s, when an unknown printer took a galley of type and scrambled it to make a type specimen book. It has survived not only five centuries, but also the leap into electronic typesetting, remaining essentially unchanged.",
        "Btn":"Read More"
    },
    {
        "img":"fish.jpg",
        "header":"Lorem Lipsum",
        "line1":"line.png",
        "Desc":"Lorem Ipsum is simply dummy text of the printing and typesetting industry. Lorem Ipsum has been the industrys standard dummy text ever since the 1500s, when an unknown printer took a galley of type and scrambled it to make a type specimen book. It has survived not only five centuries, but also the leap into electronic typesetting, remaining essentially unchanged.",
        "Btn":"Read More"
    }
    ],

    "two":[{
        "icon":"./assets/images/wifi.png",
        "header1":"Free WiFi",
        "img1":"wadapav.jpg"
    },
    {
        "icon":"ico.png",
        "header1":"Room Service",
        "img1":"wadapav.jpg"
    },
    {
        "icon":"ico.png",
        "header1":"Free Parking",
        "img1":"wadapav.jpg"
    },
    {
        "icon":"ico.png",
        "header1":"Customer Service",
        "img1":"wadapav.jpg"
    }
]
}